user_id,item_id,rating
79,0,5
79,32,5
79,309,5
67,0,5
67,5,5
67,6,2
73,0,5
130,0,5
77,0,5
77,3,5
77,7,5
140,0,5
149,0,5
148,0,5
148,36,5
131,0,5
74,0,5
74,32,5
74,116,3
74,309,5
69,0,5
175,0,5
175,237,3
175,593,2
153,0,1
177,0,5
177,1,5
177,2,5
177,34,5
177,36,5
177,41,5
177,42,5
177,46,5
177,47,1
177,106,5
177,107,3
177,171,5
177,172,5
177,181,1
177,183,1
177,198,5
177,212,5
177,214,5
177,224,1
177,230,5
177,231,5
177,232,5
177,233,5
177,234,2
177,256,1
177,365,5
177,368,5
177,369,5
177,370,5
177,371,5
177,372,5
177,374,5
177,375,5
177,376,5
177,377,5
177,378,5
177,379,5
177,381,5
177,383,5
177,384,5
177,386,5
177,387,5
177,388,5
177,389,5
177,390,5
177,391,5
177,392,5
177,393,5
177,394,5
177,395,5
177,397,2
177,398,1
177,399,1
177,400,1
177,410,1
177,466,4
177,556,5
177,557,5
177,559,5
177,560,5
177,561,5
177,562,5
177,564,5
177,565,5
177,566,5
177,567,5
177,573,1
177,582,5
177,621,5
177,622,5
177,624,5
177,625,5
177,627,2
177,628,1
177,629,5
177,630,5
177,632,5
177,633,1
177,635,1
177,636,1
177,657,5
177,668,5
177,670,1
177,686,5
177,687,5
177,688,5
177,690,5
177,694,5
177,695,5
177,768,3
177,771,5
119,0,5
119,2,5
119,16,5
168,0,5
168,1,5
168,2,5
168,16,5
168,17,5
168,18,5
168,19,5
168,20,5
168,21,5
168,22,5
168,23,5
168,24,5
168,25,5
168,26,5
168,27,5
168,28,5
168,29,5
168,30,5
168,31,4
168,337,5
168,532,5
168,533,5
168,534,5
168,535,5
168,536,5
168,537,5
168,538,5
168,541,5
168,542,5
168,543,5
168,544,5
168,545,5
168,546,5
168,547,5
168,548,5
168,551,5
168,552,5
168,553,5
168,554,5
168,555,5
182,0,5
182,1,5
182,2,4
182,3,5
182,4,3
182,5,3
182,6,1
182,32,1
182,257,5
182,258,1
182,435,5
182,443,5
134,0,1
134,16,1
134,338,5
134,419,1
134,435,2
134,687,5
186,0,1
82,0,5
82,16,5
82,368,5
82,436,5
82,437,5
82,442,5
82,443,5
82,448,5
82,450,5
82,451,5
82,459,5
176,0,5
176,1,5
176,2,5
176,237,1
176,239,3
194,0,2
195,0,5
213,0,4
87,0,5
34,0,5
34,35,3
34,283,5
34,339,5
34,342,5
34,439,5
34,459,5
34,628,5
231,0,5
231,2,5
231,256,5
231,257,5
198,0,5
198,16,5
198,17,5
5,0,1
243,0,5
248,0,2
32,0,2
32,15,1
32,26,5
32,92,1
32,114,1
32,333,1
32,435,1
110,0,5
110,2,5
256,0,5
255,0,5
255,4,5
255,451,5
259,0,5
259,2,5
259,338,5
259,339,5
259,340,5
259,341,4
259,342,5
259,435,5
259,436,5
259,437,5
259,438,5
262,0,5
264,0,5
251,0,5
268,0,5
268,2,2
267,0,5
267,435,5
267,436,5
267,437,5
267,438,5
49,0,5
49,1,5
49,3,5
49,258,5
49,386,5
49,388,5
49,396,5
278,0,5
278,7,5
278,237,5
278,238,5
278,256,5
278,491,5
277,0,5
277,2,5
276,0,5
276,1,5
276,2,5
276,5,5
294,0,2
294,2,3
47,0,5
47,492,1
47,521,5
296,0,5
296,2,5
296,116,5
296,117,5
296,118,5
296,120,5
296,121,5
296,122,5
296,256,3
31,0,5
31,116,5
31,117,5
31,118,5
31,119,5
31,120,5
31,121,5
31,256,2
3,0,5
317,0,5
317,2,5
227,0,5
227,2,5
227,479,5
300,0,5
300,1,5
300,2,5
300,3,3
300,4,5
300,5,5
300,6,4
327,0,4
327,479,5
328,0,5
336,0,5
336,1,5
341,0,5
341,2,5
341,235,5
332,0,5
332,16,5
332,36,5
332,37,5
332,38,5
332,39,5
332,40,5
332,41,5
332,45,5
332,46,5
332,52,4
332,92,5
332,237,5
332,238,5
332,242,5
332,244,5
332,252,5
332,257,2
332,312,5
332,318,5
332,329,5
332,330,5
332,418,5
332,421,5
332,422,5
332,423,1
332,429,2
332,431,2
332,432,4
348,0,5
349,0,5
349,104,5
331,0,5
331,1,5
331,2,5
331,3,5
331,4,5
331,5,5
331,6,5
331,340,5
331,343,5
331,345,5
331,347,5
331,358,5
331,426,5
331,437,5
331,591,5
353,0,5
353,593,5
17,0,5
17,2,2
359,0,5
367,0,5
367,2,5
367,397,5
360,0,2
360,385,5
360,435,5
360,436,5
360,437,5
360,438,5
360,439,5
360,440,5
360,441,5
360,442,5
360,443,5
360,444,5
360,445,5
360,446,5
360,447,5
360,448,5
360,449,5
360,450,5
360,451,5
360,452,5
360,453,5
360,454,5
360,455,5
360,456,5
360,457,5
360,458,5
360,459,5
360,583,5
360,584,1
372,0,5
372,257,5
378,0,5
378,2,5
377,0,1
356,0,4
356,5,5
356,16,5
356,21,5
356,23,5
356,31,5
356,347,4
356,349,5
356,351,5
356,546,5
395,0,5
395,342,2
395,686,5
395,687,5
396,0,5
396,2,5
401,0,5
405,0,5
207,0,5
203,0,5
203,1,5
203,2,5
411,0,2
414,0,5
416,0,5
416,2,5
11,0,5
72,0,5
40,0,5
40,2,5
40,256,5
40,258,5
99,0,5
99,609,3
99,686,5
99,687,5
212,0,5
212,2,5
212,36,4
212,256,4
212,257,1
212,258,5
212,521,3
425,0,5
424,0,5
436,0,5
436,2,5
437,0,5
437,2,5
437,16,5
437,435,5
437,436,5
437,437,5
437,438,5
437,439,5
437,440,5
437,441,5
437,442,5
437,443,5
437,444,5
437,583,5
437,584,5
437,585,5
437,586,5
437,587,5
437,588,5
437,589,5
437,678,1
438,0,5
438,7,5
438,9,2
438,256,5
441,0,5
441,237,5
441,258,5
430,2,1
254,0,5
254,116,5
254,338,5
254,435,5
254,436,5
445,0,5
446,0,5
446,257,5
452,0,5
103,0,5
466,0,3
466,2,2
466,41,4
466,520,4
470,0,5
423,0,5
423,338,5
423,339,5
476,0,5
476,16,5
476,184,5
476,195,5
476,312,5
476,314,5
476,315,5
476,316,5
476,317,5
476,318,5
476,319,5
476,435,5
476,436,5
476,437,5
476,438,5
476,668,4
476,670,5
486,0,5
486,182,1
493,0,5
494,0,5
494,435,5
494,492,5
494,673,5
494,678,5
496,0,4
496,237,1
503,0,1
507,0,5
507,183,2
504,0,5
513,0,1
114,0,1
114,338,1
114,340,2
114,342,1
517,0,5
517,183,1
517,435,5
517,492,5
517,668,5
517,669,5
517,670,5
517,672,5
517,673,5
517,674,5
517,675,5
517,676,5
517,677,5
517,678,5
532,0,5
532,2,5
538,0,5
538,2,5
538,256,5
538,257,5
525,0,5
525,1,5
540,0,5
339,0,5
339,36,5
339,467,5
339,671,5
339,675,5
526,0,5
526,2,4
526,184,5
526,195,5
526,338,5
526,339,5
526,340,5
526,341,5
526,342,5
526,435,5
526,668,5
526,669,5
526,670,5
526,671,5
526,673,5
526,678,5
551,0,5
551,182,5
551,186,5
551,187,5
551,193,5
551,467,5
551,468,5
551,641,5
551,642,5
551,672,5
560,0,5
564,0,5
564,182,5
564,186,5
564,256,5
564,257,5
564,258,5
564,435,5
485,435,5
485,673,5
485,678,5
549,0,5
549,2,1
549,257,5
549,258,1
571,0,5
571,435,5
443,2,1
576,0,5
576,2,5
576,189,5
576,194,5
578,0,5
582,0,5
582,1,5
582,2,5
582,3,5
582,4,5
582,5,5
582,6,5
582,310,2
582,338,5
582,339,5
582,340,5
582,341,5
582,342,5
582,343,5
582,344,5
582,345,5
582,346,5
582,347,5
582,348,5
582,349,5
582,350,5
582,351,5
582,352,5
582,353,5
582,354,5
582,355,5
582,356,5
582,357,5
582,358,5
582,359,5
582,360,5
582,361,5
582,362,5
582,363,5
582,417,5
582,534,5
582,540,2
582,654,5
582,656,5
583,0,5
597,0,5
606,0,5
521,0,5
521,678,4
611,0,5
611,2,5
611,338,5
622,0,5
622,2,5
624,0,5
625,0,5
602,0,1
602,1,1
602,256,5
632,0,5
634,0,5
634,2,5
630,0,5
630,183,5
630,189,2
630,532,5
630,534,3
630,541,4
630,597,2
630,652,4
630,680,2
639,0,5
639,175,5
639,183,5
639,184,5
639,189,5
647,0,5
647,38,5
647,310,5
647,311,5
647,382,5
647,417,5
647,418,5
647,419,5
647,420,5
647,421,5
647,422,5
647,423,5
647,424,5
647,425,5
647,426,5
647,427,5
647,428,5
647,429,5
647,430,5
647,431,5
647,432,5
647,434,5
647,435,5
647,436,5
647,437,5
647,438,5
647,439,5
647,440,5
647,441,5
647,442,5
647,443,5
647,444,5
647,446,5
647,447,5
647,448,5
647,449,5
647,450,5
647,451,5
647,452,5
647,453,5
647,454,5
647,455,5
647,456,5
647,457,5
647,458,5
647,459,5
647,460,5
647,461,5
647,462,5
647,463,5
647,464,5
647,465,5
647,466,5
647,484,5
647,485,5
647,486,5
647,487,5
647,488,5
647,489,5
647,490,5
647,492,5
647,493,5
647,494,5
647,495,5
647,496,5
647,497,5
647,498,5
647,499,5
647,500,5
647,501,5
647,502,5
647,503,5
647,504,5
647,505,5
647,506,5
647,507,5
647,508,5
647,509,5
647,510,5
647,511,5
647,512,5
647,513,5
647,514,5
647,515,5
647,516,5
647,517,5
647,518,5
647,519,4
647,559,5
647,568,5
647,583,5
647,584,5
647,585,5
647,586,5
647,587,5
647,588,5
647,589,5
647,590,5
647,591,5
647,595,5
647,626,5
647,628,5
647,629,5
647,631,5
647,637,5
647,644,5
647,645,5
647,646,5
647,647,5
647,648,5
647,649,5
647,653,5
647,657,5
647,668,5
647,670,5
647,671,5
647,672,5
647,673,5
647,674,5
647,676,5
647,677,5
647,678,5
647,680,5
647,697,5
642,0,5
642,16,5
642,237,5
642,238,5
642,435,5
642,492,5
642,673,5
642,675,5
642,676,5
642,677,5
642,678,5
652,0,5
652,2,5
652,172,4
652,195,5
652,206,5
652,338,5
614,0,5
614,175,5
614,597,5
666,0,5
669,0,5
671,0,5
633,0,5
633,338,5
633,339,5
682,0,5
682,2,1
682,183,5
682,185,1
674,0,5
9,0,5
691,0,5
691,338,4
691,675,2
691,676,5
691,677,5
691,678,4
691,738,5
702,0,5
702,435,5
702,492,5
702,668,5
702,669,5
702,670,5
702,671,5
702,672,5
702,673,5
702,674,5
702,676,5
702,677,5
702,678,5
702,678,1
708,0,5
708,256,1
708,435,5
708,439,5
708,459,5
708,587,5
708,604,5
716,0,5
699,0,5
699,172,5
699,175,5
699,177,5
699,433,5
699,556,5
699,621,5
699,623,5
699,624,5
699,625,5
699,626,5
699,629,5
724,0,5
724,435,5
724,492,5
724,670,5
724,671,5
724,673,5
724,675,5
724,676,5
724,678,5
683,0,5
730,0,5
712,0,5
712,3,5
712,418,5
712,419,5
712,420,5
712,421,5
712,422,5
712,423,5
712,424,5
712,425,5
712,583,5
712,584,5
712,586,5
712,588,5
712,589,5
712,590,5
712,591,5
712,645,5
712,680,5
712,686,5
712,731,5
733,0,5
733,2,5
733,435,5
733,673,5
733,678,5
736,0,5
738,0,5
738,2,5
738,7,5
738,13,5
760,0,5
760,338,5
760,339,5
760,435,5
760,492,5
760,559,5
760,560,5
760,563,5
760,564,5
760,565,5
760,566,5
760,668,5
760,672,5
760,673,5
760,674,5
760,675,5
760,677,5
760,678,5
760,680,5
760,686,5
760,687,5
760,733,5
760,734,5
760,735,5
760,741,5
778,0,5
820,0,5
820,4,5
814,0,5
814,1,5
814,2,5
735,0,5
735,203,5
735,527,4
735,680,5
735,709,5
735,710,5
735,711,5
735,712,5
735,713,5
735,714,5
735,733,5
735,734,5
735,735,5
75,1,4
75,36,5
75,116,5
75,309,5
75,318,5
71,1,5
144,1,4
123,1,1
123,2,5
123,397,5
123,423,5
123,435,5
288,1,1
288,126,1
288,435,1
205,1,5
205,2,5
205,256,5
208,1,1
208,309,2
208,353,2
651,1,5
651,629,5
70,2,2
35,2,2
232,2,1
90,39,5
90,258,2
240,2,5
271,2,5
271,349,1
357,2,5
381,2,1
381,23,1
381,31,1
381,349,1
390,2,2
390,41,5
402,2,2
450,2,1
128,2,5
128,8,5
471,2,5
520,2,4
563,2,3
563,8,2
563,171,1
384,2,2
384,347,5
384,349,5
603,2,5
660,2,5
685,2,5
727,435,5
727,686,5
727,687,5
727,696,3
655,2,5
797,2,5
797,4,5
797,6,5
797,9,2
797,219,5
797,220,5
797,224,5
180,3,5
180,93,5
200,3,5
59,3,5
59,5,3
59,421,1
59,435,5
59,445,4
59,459,5
210,10,5
210,37,1
210,71,5
210,333,5
210,334,1
210,334,1
210,335,5
210,336,5
210,573,5
210,574,5
210,579,5
210,580,5
210,581,5
210,638,5
643,3,5
643,185,4
643,189,5
643,220,4
643,221,5
643,223,5
643,338,5
643,339,5
643,417,2
643,583,3
643,672,5
643,680,5
638,4,5
748,4,5
748,6,5
748,654,1
275,5,5
275,349,5
275,362,5
656,5,5
656,35,5
656,211,3
656,397,5
656,398,5
656,399,5
656,400,5
656,401,5
656,402,5
656,403,5
656,403,1
656,404,5
656,405,5
656,406,5
656,407,5
656,408,5
656,409,5
656,410,5
656,411,5
656,412,5
656,532,5
656,533,5
656,536,5
656,546,5
656,668,5
656,672,5
656,677,5
284,7,5
284,533,2
289,7,5
297,8,1
511,7,3
782,7,4
782,189,5
782,198,5
132,8,5
132,36,5
132,37,3
132,373,5
266,8,5
266,397,5
266,398,5
266,399,5
502,8,1
502,36,1
502,41,5
502,122,5
502,670,5
502,671,5
657,8,3
657,195,2
534,8,5
534,36,5
534,604,5
534,672,5
2,9,5
641,9,5
675,9,1
675,605,5
675,606,5
739,9,5
819,11,2
749,12,1
0,14,5
0,118,5
0,238,5
204,14,5
204,36,5
204,37,5
204,38,5
204,39,5
204,40,5
204,41,5
204,42,5
204,44,5
204,45,5
204,46,5
204,47,5
204,48,5
204,49,5
204,50,5
204,51,5
204,52,5
204,54,5
204,55,5
204,56,5
204,57,5
204,58,5
204,59,5
204,60,5
204,61,5
204,62,5
204,63,5
204,64,5
204,65,5
204,67,5
204,68,5
204,69,5
204,72,5
204,73,5
204,74,5
204,75,5
204,76,5
204,77,5
204,78,5
204,79,5
204,80,5
204,81,5
204,82,5
204,83,5
204,84,5
204,85,5
204,86,5
204,87,5
204,88,5
204,89,5
204,90,5
204,91,5
204,92,5
204,93,5
204,94,5
204,95,5
204,573,5
204,574,5
204,575,5
204,576,5
204,577,5
204,578,5
330,14,2
141,16,5
147,16,5
169,16,5
172,16,5
172,66,2
172,521,1
55,29,2
108,16,2
44,16,2
44,36,5
44,40,5
44,41,5
44,42,3
44,256,5
224,16,5
155,16,1
155,118,3
155,119,2
155,121,5
155,122,4
155,124,1
155,125,1
155,126,3
155,130,4
155,132,1
155,133,3
155,134,2
155,135,2
155,136,1
155,137,2
155,138,1
155,139,1
155,140,1
155,141,1
155,142,1
155,143,1
155,145,1
155,147,1
155,148,1
155,149,1
155,152,1
155,153,1
155,155,1
23,16,3
23,36,5
23,37,5
23,38,5
23,39,5
23,40,5
23,41,5
23,42,4
269,16,5
118,16,5
118,17,5
118,18,5
118,19,3
118,20,5
118,21,5
118,22,5
118,23,5
118,24,5
118,25,5
118,26,5
118,27,5
118,28,5
118,29,5
118,30,5
118,31,5
118,237,5
118,238,5
118,239,5
118,240,5
118,241,5
118,242,5
118,243,5
118,244,5
118,245,5
118,246,5
118,247,5
118,248,5
118,249,5
118,250,5
118,251,5
118,252,5
118,253,5
118,254,5
118,255,5
118,337,5
118,338,5
118,339,5
118,341,5
118,342,5
118,343,5
118,344,5
118,345,5
118,346,5
118,347,5
118,348,5
118,349,5
118,350,5
118,351,5
118,352,5
118,353,5
118,354,5
118,355,5
118,356,5
118,357,5
118,358,5
118,359,5
118,360,5
118,361,5
118,362,5
118,363,5
282,16,5
282,237,5
282,238,5
282,239,5
292,16,3
292,17,1
292,20,5
292,27,1
292,37,1
292,219,2
292,221,1
292,222,3
309,16,1
322,16,5
326,16,5
316,16,5
373,16,5
413,16,5
54,16,5
54,17,5
54,521,5
439,16,5
439,709,5
439,713,5
459,16,5
459,36,5
469,16,2
483,16,5
519,16,4
519,256,2
519,257,1
626,16,5
792,16,2
482,17,5
815,21,5
815,541,5
33,39,5
33,60,5
33,61,1
33,104,5
33,134,5
33,150,5
33,167,1
33,719,4
33,720,5
81,32,5
81,318,5
81,435,5
260,32,5
260,35,5
260,215,5
260,217,5
260,218,5
260,256,5
260,257,5
260,258,5
260,259,5
260,260,5
260,261,5
260,262,5
260,263,5
260,264,5
260,265,5
260,266,5
260,267,5
260,268,5
260,269,5
260,270,5
260,271,5
260,272,5
260,273,5
260,274,5
260,275,5
260,276,5
260,277,5
260,278,5
260,279,5
260,280,5
260,281,5
260,282,5
260,283,5
260,284,5
260,285,5
260,286,5
260,287,5
260,288,5
260,289,5
260,290,5
260,291,5
260,292,5
260,293,5
260,294,5
260,295,5
260,296,5
260,297,5
260,298,5
260,299,5
260,300,5
260,301,5
260,302,5
260,303,5
260,304,5
260,305,5
260,306,5
260,307,5
260,364,5
260,442,5
260,448,5
260,450,5
260,451,5
260,455,5
260,684,5
260,685,2
478,32,2
478,34,1
478,234,1
478,236,1
478,256,5
478,258,2
478,259,1
478,261,5
478,266,1
478,269,1
478,274,1
478,276,5
478,278,4
478,280,3
478,281,2
478,284,1
478,286,5
478,287,1
478,288,5
478,289,4
478,291,5
478,292,2
478,295,3
478,297,3
478,299,5
478,300,5
478,301,4
478,304,1
478,308,3
478,309,3
478,559,3
478,560,5
478,563,4
478,564,1
478,565,5
478,567,4
478,650,3
478,651,1
478,652,2
478,653,2
311,35,5
311,256,5
311,257,5
311,258,5
311,259,5
311,260,5
311,261,5
311,262,5
311,263,5
311,264,5
311,265,5
311,266,5
311,267,5
311,268,5
311,269,5
311,270,5
311,271,5
311,273,5
311,275,5
311,276,5
311,278,2
311,364,5
311,532,5
311,533,5
311,534,5
311,535,5
311,536,5
311,537,5
311,538,5
311,539,5
311,541,5
311,542,5
311,543,5
311,544,5
311,545,5
311,546,5
311,547,5
311,548,5
311,551,5
311,552,5
311,553,5
311,554,5
311,555,5
523,35,5
523,338,5
523,342,2
113,36,4
161,36,5
161,37,3
185,36,5
185,37,5
185,38,5
185,39,5
185,40,5
185,41,5
185,42,5
185,43,5
185,44,5
185,45,5
185,46,5
185,47,5
185,48,5
185,49,5
185,50,5
185,51,5
185,52,5
185,53,5
185,54,5
185,55,5
185,56,5
185,57,5
185,58,5
185,59,5
185,60,5
185,61,5
185,62,5
185,63,5
185,64,5
185,65,5
185,66,5
185,67,4
185,68,5
185,69,5
185,73,5
185,74,4
185,76,5
185,77,5
185,78,5
185,79,5
185,80,4
185,81,5
185,82,5
185,83,5
185,84,5
185,85,5
185,86,5
185,87,5
185,88,5
185,89,5
185,90,5
185,91,5
185,92,5
185,93,5
185,95,5
185,96,5
185,98,5
185,99,5
199,36,5
199,37,5
199,38,5
199,39,5
199,40,5
199,41,5
199,42,5
199,43,5
199,44,5
199,45,5
199,46,5
199,47,5
199,48,5
199,49,5
199,50,5
199,51,5
199,72,5
199,74,5
199,75,5
199,76,5
199,256,5
199,267,5
226,36,5
280,36,3
280,37,4
286,36,4
286,521,1
308,36,5
308,37,5
308,38,5
308,39,5
308,41,5
16,36,1
20,36,5
20,37,5
20,38,5
20,39,5
20,40,5
20,41,5
20,42,5
334,36,5
24,36,4
88,36,5
88,37,5
88,39,1
88,40,5
88,41,5
351,36,5
206,36,5
206,38,5
206,53,5
206,57,3
206,58,5
206,59,5
206,60,5
206,61,5
206,62,5
206,63,5
206,64,5
206,68,5
206,70,5
206,72,5
206,74,5
206,93,4
206,101,5
206,104,5
206,108,5
206,575,5
206,579,5
206,580,5
206,581,5
419,36,1
368,36,5
475,36,5
475,256,5
475,675,4
554,36,5
340,36,5
340,37,5
340,49,1
340,77,3
340,96,5
340,97,5
340,467,5
340,557,5
340,582,5
340,630,5
340,631,5
340,671,3
340,673,5
515,36,5
515,37,5
515,38,5
515,39,5
515,40,5
515,41,5
515,42,5
515,43,5
515,44,5
515,45,5
515,46,5
515,47,5
515,48,5
515,49,5
515,50,5
515,51,5
515,52,5
515,53,5
515,54,5
515,55,5
515,56,5
515,57,5
515,58,5
515,59,5
515,60,5
515,61,5
515,62,5
515,63,5
515,64,5
515,65,5
515,66,5
515,67,5
515,68,5
515,69,5
515,71,1
515,73,5
515,74,5
515,75,5
515,76,5
515,101,1
515,108,5
515,573,5
515,574,5
515,575,5
515,576,5
515,577,5
515,578,5
515,582,5
515,629,5
515,630,5
515,631,5
515,632,5
515,633,5
515,634,5
515,635,5
515,636,5
515,637,5
515,646,5
515,647,5
515,671,5
620,37,5
380,36,5
440,668,5
440,671,4
569,39,5
569,339,3
569,342,5
569,550,1
693,37,5
693,38,5
693,39,5
693,40,5
693,42,5
693,116,5
693,118,5
693,119,5
693,120,5
693,121,5
693,122,5
693,312,5
693,315,5
693,316,5
693,317,5
693,318,5
693,319,5
693,320,5
747,36,5
747,219,5
747,220,5
747,672,5
125,49,5
125,92,5
125,178,1
125,198,3
125,230,5
125,333,5
125,557,5
125,579,5
125,580,5
125,581,5
125,582,5
125,630,4
125,631,2
125,632,5
125,635,5
125,636,2
125,671,5
125,736,5
798,36,5
798,67,5
798,68,5
798,69,5
798,73,5
798,75,5
798,76,5
798,101,5
798,102,5
798,103,5
798,104,5
798,105,5
798,108,5
798,109,5
798,110,5
798,111,5
314,37,5
314,38,5
314,39,5
314,40,5
314,41,5
314,42,5
314,43,5
314,48,4
314,53,5
314,54,5
314,55,2
314,281,5
314,314,5
314,315,5
314,324,5
314,325,5
314,330,5
314,569,5
314,573,5
314,574,5
314,575,5
314,576,5
314,577,5
27,38,5
27,233,5
27,671,5
788,38,5
788,54,5
788,55,5
788,56,5
788,57,5
788,58,5
788,59,5
788,60,5
788,61,5
788,62,5
788,63,5
788,64,5
788,65,5
788,66,5
788,67,5
788,68,5
788,69,5
788,70,5
788,71,5
788,72,5
788,73,5
788,74,5
788,75,5
788,76,5
788,92,5
788,93,5
788,94,5
788,95,5
788,96,5
788,98,5
788,99,5
788,100,5
788,112,5
788,113,5
788,114,5
788,115,5
788,333,5
788,334,5
788,335,5
788,336,5
788,338,5
788,339,5
788,340,5
788,341,5
788,342,5
788,343,5
788,344,5
788,345,5
788,346,5
788,347,5
788,348,5
788,349,5
788,350,5
788,351,5
788,352,5
788,353,5
788,354,5
788,355,5
788,356,5
788,357,5
788,358,5
788,359,5
788,360,5
788,361,5
788,362,5
788,363,5
788,382,5
788,397,5
788,398,5
788,399,5
788,400,5
788,401,5
788,402,5
788,403,5
788,404,5
788,405,5
788,406,5
788,407,5
788,408,5
788,409,5
788,410,5
788,411,5
788,412,5
788,559,5
788,568,5
788,573,5
788,574,5
788,575,5
788,576,5
788,577,5
788,578,5
788,579,5
788,580,5
788,581,5
788,587,5
788,626,5
788,628,5
788,629,5
788,631,5
788,637,5
788,645,5
788,647,5
788,648,5
788,649,5
788,653,5
788,657,5
788,677,5
788,719,5
788,720,5
788,721,5
788,722,5
788,723,5
788,724,5
788,725,5
788,726,5
788,727,5
788,729,5
788,741,5
788,742,5
788,759,5
788,760,5
788,761,5
788,762,5
788,763,5
788,764,5
788,767,5
788,768,5
788,769,5
345,39,5
345,405,5
345,630,5
516,39,2
78,40,5
78,65,5
78,66,5
78,80,5
78,317,5
78,321,5
78,322,5
78,326,5
78,328,5
78,329,4
78,332,1
78,675,5
91,40,5
385,41,3
385,92,5
385,333,2
385,628,5
298,43,5
298,44,5
298,45,5
298,73,2
298,126,5
298,259,5
298,285,5
298,286,5
298,287,5
808,43,5
808,44,5
808,45,5
808,46,5
808,47,5
808,48,5
808,49,5
808,50,5
808,51,5
808,52,5
808,53,5
808,54,5
808,55,3
808,56,5
808,57,5
808,58,5
808,59,5
808,60,5
808,61,5
808,62,5
808,70,5
808,71,5
808,72,5
808,85,3
808,86,5
808,87,5
808,88,5
808,89,5
808,90,5
808,91,5
808,92,5
808,93,5
808,94,5
808,95,5
808,96,5
808,98,5
808,99,2
808,112,5
808,113,5
808,115,5
808,333,5
808,334,5
808,335,5
808,336,5
808,400,5
808,401,5
808,402,5
808,403,5
808,404,5
808,405,3
808,408,5
808,409,5
808,573,5
808,574,5
808,575,5
808,576,5
808,577,5
808,578,5
808,579,5
808,580,5
808,581,5
813,44,2
813,60,5
813,61,5
813,557,5
813,582,5
813,634,4
813,638,5
813,671,5
122,58,5
122,440,5
122,459,1
392,72,5
211,81,5
817,85,5
244,92,3
244,237,2
399,104,5
133,116,5
281,116,5
281,117,2
281,119,5
281,120,5
281,121,5
281,122,5
379,116,3
379,117,1
618,116,5
618,118,5
618,121,5
628,116,4
769,119,2
769,121,2
769,147,5
769,155,1
769,158,3
769,159,3
769,160,5
769,162,4
769,163,1
769,164,5
769,165,4
769,556,5
769,621,5
769,625,5
769,626,5
769,627,5
769,628,5
720,120,4
812,164,5
481,170,1
481,171,1
481,256,1
481,604,5
514,171,1
588,190,4
662,171,3
662,397,1
662,398,5
662,399,5
662,674,5
662,677,5
694,171,5
694,172,5
734,171,1
696,174,5
696,681,5
553,175,5
553,213,5
553,220,5
553,224,5
553,338,5
553,366,4
553,416,5
553,467,5
553,468,5
553,469,5
553,470,5
553,471,5
553,472,5
553,473,5
553,474,5
553,475,5
553,476,5
553,477,5
553,673,5
448,175,5
448,183,5
448,310,5
448,417,5
448,593,4
448,680,5
686,176,5
686,738,4
799,176,5
799,212,5
467,180,1
467,568,3
467,670,1
490,182,3
546,182,1
580,182,5
590,182,5
594,182,5
594,186,5
608,182,5
97,182,3
661,182,5
661,186,5
661,187,5
661,190,5
661,193,5
480,183,5
480,461,5
528,183,1
528,594,5
432,183,1
811,183,5
50,183,5
50,435,5
50,680,5
50,721,5
50,722,5
50,723,5
50,724,5
50,729,5
50,733,5
50,734,5
50,735,5
50,772,5
50,773,5
50,774,5
50,775,5
522,184,5
522,197,5
522,492,5
522,673,5
704,184,5
704,198,5
704,606,5
704,607,5
704,608,4
704,674,5
704,678,5
587,185,1
723,186,1
726,186,5
726,738,5
562,189,5
728,194,5
816,189,5
816,191,5
29,190,5
776,192,1
776,671,3
221,195,5
221,256,3
499,197,1
763,198,5
763,221,5
763,222,5
763,672,5
584,199,5
584,200,5
584,201,5
584,207,2
323,199,5
323,200,5
323,201,5
323,209,5
323,435,5
687,199,5
665,200,2
665,201,5
665,338,1
665,339,4
665,521,5
680,202,5
495,203,3
495,697,5
495,709,5
495,710,5
495,711,5
495,712,5
495,713,5
495,714,5
495,715,5
495,716,5
495,717,5
495,718,5
577,204,2
649,205,5
581,205,5
581,520,5
531,672,5
598,206,4
598,207,3
598,208,3
598,672,4
598,678,5
535,206,5
535,668,1
690,206,5
690,207,5
690,208,5
751,211,2
648,215,5
648,675,5
703,218,1
703,444,5
703,456,5
703,587,5
703,601,5
703,709,5
703,732,5
806,219,5
806,220,5
806,672,5
806,686,5
806,687,5
197,223,1
197,307,5
139,225,5
139,228,5
139,237,5
139,238,5
139,239,4
139,422,5
139,435,5
139,442,5
139,445,5
139,479,5
139,480,5
139,481,1
139,482,4
139,483,3
104,225,5
344,230,1
344,231,1
344,556,5
344,557,5
344,558,5
344,570,5
344,582,5
344,609,1
344,612,5
344,614,5
344,620,2
744,230,5
744,231,5
744,232,5
744,233,5
757,230,4
646,741,5
646,742,5
805,230,1
772,230,1
772,659,5
772,660,2
772,661,5
772,664,5
772,665,5
772,666,5
772,678,5
772,719,5
772,739,5
135,234,4
135,256,5
135,257,3
135,279,5
135,280,5
135,283,5
135,309,5
127,237,4
165,237,5
166,237,5
166,238,2
166,239,5
166,240,1
181,237,5
181,238,5
181,239,5
181,435,1
223,237,1
228,237,5
228,238,1
234,237,5
237,237,1
222,237,2
222,435,5
222,641,5
222,642,5
272,237,3
22,237,5
302,237,5
302,559,5
555,237,2
555,492,5
555,493,5
555,494,5
555,495,5
557,237,5
557,238,5
557,338,5
557,339,5
557,340,5
557,341,5
557,342,5
557,343,5
557,344,5
557,345,5
557,346,5
557,357,5
464,239,5
464,256,5
310,244,5
310,251,2
369,245,4
112,256,5
112,386,5
112,387,5
112,388,5
112,435,5
112,436,5
112,437,5
112,438,5
112,440,5
58,256,5
58,257,1
58,259,2
58,525,3
143,256,2
143,381,5
143,435,5
143,439,5
143,454,5
38,256,1
38,593,1
38,686,5
93,256,5
93,258,5
39,256,5
39,257,5
39,435,5
39,436,5
39,437,5
220,256,5
220,257,2
230,256,5
230,435,5
236,256,5
236,257,3
236,300,5
236,301,5
236,304,5
239,256,5
239,257,5
239,258,5
235,256,1
257,256,5
257,258,2
257,492,5
274,256,1
291,256,1
312,256,5
312,257,5
312,258,5
92,256,1
92,418,5
92,419,5
92,420,5
92,429,5
92,430,5
92,435,4
92,436,5
92,437,5
92,439,5
92,440,5
92,441,5
92,442,5
92,443,5
92,444,5
92,445,5
92,446,5
92,447,5
92,448,5
92,449,5
92,450,5
92,451,5
92,452,5
92,453,5
92,454,5
92,455,5
92,456,5
92,457,5
92,458,5
92,459,5
337,256,4
37,256,2
343,256,1
65,256,5
65,257,5
65,258,5
365,256,3
366,256,5
366,257,2
394,256,4
426,256,1
444,257,4
449,256,5
449,257,5
449,258,5
460,256,5
462,256,2
105,256,5
105,257,5
492,256,1
492,677,5
500,256,2
558,256,1
561,256,5
561,557,5
561,582,5
585,256,5
689,256,3
718,257,5
718,258,5
729,256,2
700,256,5
700,257,5
253,256,5
179,287,3
21,309,5
592,310,5
592,338,1
592,343,2
592,435,5
592,436,5
592,437,5
592,438,5
746,310,5
746,439,5
746,440,5
777,311,3
98,312,5
338,312,5
338,317,5
537,312,5
537,313,5
537,314,5
537,315,5
679,313,5
375,317,1
68,318,5
506,435,5
506,677,2
780,321,1
7,325,4
7,435,5
7,598,1
7,610,5
7,611,5
768,327,3
768,730,5
755,333,5
775,333,5
775,334,5
775,335,5
775,336,5
775,580,5
775,581,5
775,736,5
807,335,5
303,334,5
48,338,5
48,343,5
48,353,5
151,338,5
151,340,5
151,341,1
191,338,3
218,338,5
218,340,5
218,341,5
218,342,5
263,338,5
263,339,5
263,340,5
388,338,5
388,339,5
388,340,5
417,338,5
417,397,5
417,435,5
417,492,5
435,338,5
435,340,5
461,338,5
484,338,5
565,338,5
604,338,5
631,338,5
631,339,1
315,338,5
315,339,1
315,435,5
315,440,5
670,338,5
695,338,5
732,338,5
740,338,5
740,339,3
794,338,2
794,741,5
794,742,5
800,338,5
800,339,5
800,340,5
800,341,5
800,342,5
800,343,5
800,344,5
800,353,5
800,354,5
800,355,5
800,356,5
800,357,5
800,358,5
800,359,5
800,360,5
800,361,5
800,362,5
800,363,5
800,677,4
800,686,5
800,687,5
800,688,5
800,689,5
800,690,5
800,691,5
800,692,5
800,693,5
800,694,5
800,695,5
800,741,5
800,742,5
800,743,5
800,744,5
800,745,2
800,746,1
800,747,1
800,748,5
800,749,5
800,750,5
265,339,2
279,339,5
279,342,5
216,339,1
465,341,1
465,342,2
250,340,1
66,340,1
233,340,1
371,340,5
524,340,5
362,342,5
382,347,2
146,451,5
241,351,5
242,451,5
742,350,4
383,351,5
783,655,5
795,352,3
795,443,5
795,444,3
795,456,5
795,457,5
6,368,5
138,367,1
61,368,5
52,369,5
52,379,5
52,380,5
52,384,5
52,387,5
189,375,5
640,391,5
106,399,1
106,400,5
106,401,5
106,402,5
106,403,5
106,404,5
159,397,2
183,397,5
183,398,5
183,399,5
183,400,5
183,401,5
183,402,5
183,403,5
183,404,5
183,405,5
183,406,5
183,407,5
183,408,5
183,409,5
183,410,5
183,411,5
183,412,2
285,397,1
350,397,5
350,398,1
160,397,5
160,398,1
406,397,5
406,398,5
406,399,5
404,397,5
404,398,5
404,399,5
404,400,5
404,401,5
404,402,5
404,403,5
321,397,5
321,398,5
321,609,5
321,620,5
321,680,5
487,397,5
487,398,5
409,397,5
409,398,5
409,677,5
623,397,5
623,398,5
623,399,5
567,397,5
567,398,5
567,399,5
567,677,5
717,397,5
717,398,5
717,399,5
701,397,5
701,399,5
701,677,4
796,397,5
796,398,5
796,399,5
796,677,5
801,397,5
801,398,5
801,399,5
801,400,5
801,403,5
801,404,5
801,405,5
801,406,5
801,407,5
801,677,5
801,759,5
801,762,5
801,766,5
802,397,5
802,398,5
802,399,5
802,400,5
802,401,5
802,402,5
802,403,5
802,404,5
802,405,5
802,406,2
802,408,5
802,677,5
804,397,5
804,398,5
804,399,5
804,400,5
804,401,5
804,402,5
804,403,5
804,404,5
804,405,5
804,406,5
804,677,5
305,398,5
355,398,4
754,398,5
754,677,5
627,398,3
95,399,5
101,400,5
101,404,4
101,599,5
18,408,2
18,493,5
18,494,5
18,496,5
18,498,5
18,499,5
18,500,5
18,501,5
18,502,5
18,506,5
18,510,5
18,511,5
18,512,5
18,513,4
18,517,5
18,519,1
18,521,5
18,522,4
18,523,5
18,524,5
18,526,5
18,527,5
18,528,5
18,529,5
18,530,5
18,709,2
18,710,2
18,737,5
18,740,5
18,748,5
18,749,5
18,750,5
18,751,5
18,752,5
18,754,5
18,755,5
18,756,5
18,757,5
18,758,5
512,412,5
725,412,2
767,413,2
767,414,5
773,415,4
773,521,5
773,522,5
773,523,5
773,524,5
773,525,5
773,527,5
773,529,5
773,530,5
773,531,5
773,600,5
497,417,3
497,461,3
120,418,5
120,430,5
184,419,5
184,420,5
184,421,5
184,422,5
184,423,5
184,424,5
184,425,5
184,426,5
184,427,5
184,428,5
184,429,5
184,430,5
184,431,5
184,432,5
184,435,5
184,436,5
184,437,5
184,438,5
184,439,5
184,440,5
184,441,5
184,442,5
184,443,5
184,444,5
184,445,5
184,446,5
184,448,5
184,449,5
184,450,5
184,451,5
184,452,5
184,453,5
184,454,5
184,455,5
184,456,5
184,457,5
184,458,5
184,459,5
319,418,5
319,419,5
319,420,5
319,423,5
319,424,5
319,425,5
319,426,5
319,427,5
319,428,5
319,429,5
319,430,5
319,431,5
319,432,5
319,435,5
319,436,5
319,437,5
36,419,5
36,426,5
36,443,5
150,419,5
154,419,1
173,436,5
30,419,2
30,435,5
109,435,5
246,436,5
246,438,5
335,435,5
335,436,5
335,438,5
283,419,4
283,436,5
283,448,5
283,586,5
393,419,5
393,435,5
393,436,5
393,437,5
393,438,5
393,440,5
393,442,5
393,443,5
393,451,5
393,459,2
393,583,5
342,421,3
342,435,5
320,423,4
347,423,3
142,424,5
313,426,5
318,427,5
318,428,5
293,430,4
422,432,5
422,435,5
422,436,5
635,433,5
789,434,5
818,434,5
126,435,5
126,436,5
126,437,5
126,438,5
126,439,5
126,440,5
126,441,5
126,442,5
126,443,5
126,444,5
126,445,5
126,446,5
126,447,5
126,448,5
126,449,5
126,450,5
126,451,5
126,452,5
126,453,5
126,454,5
126,455,5
126,456,4
126,457,5
126,458,5
126,459,5
136,435,5
136,436,5
136,437,5
136,438,5
124,435,3
124,440,3
124,443,1
152,435,1
157,435,5
164,435,1
121,435,2
174,435,5
174,436,5
174,437,5
96,435,5
96,436,5
178,435,5
178,436,5
178,437,5
163,435,1
190,435,5
190,436,1
129,435,5
129,436,5
63,435,5
63,436,5
63,437,5
63,438,5
219,435,5
196,435,5
62,435,5
116,435,1
238,435,4
238,437,5
238,438,5
10,435,4
247,435,5
14,435,5
14,436,5
14,437,5
306,435,2
329,435,5
352,435,5
358,435,5
415,435,5
407,435,5
428,435,5
389,435,1
434,435,5
451,435,5
453,435,5
536,435,1
542,435,5
545,435,5
550,435,5
570,435,5
547,435,5
658,435,5
678,435,5
711,435,5
711,439,5
711,603,5
711,733,2
710,435,5
710,439,5
710,459,5
710,609,5
710,733,5
714,435,5
714,439,5
714,459,5
714,466,2
714,587,5
714,609,5
714,733,5
705,435,5
705,439,5
705,459,5
705,587,5
705,609,5
705,733,5
707,435,5
713,435,5
713,439,5
713,459,5
713,587,5
713,609,5
713,733,5
709,435,5
709,439,5
709,459,5
706,435,5
706,439,5
706,738,5
472,435,5
472,678,2
787,435,5
187,436,5
115,436,4
167,436,2
304,436,5
653,442,5
653,589,5
653,697,5
403,444,3
45,447,5
301,453,1
509,456,4
509,617,5
509,618,5
509,619,5
509,620,5
654,456,4
654,680,5
654,719,2
654,720,5
654,721,5
654,726,5
698,461,5
698,639,5
698,733,5
715,465,5
636,466,1
636,597,2
636,697,1
636,710,1
636,713,1
793,468,5
793,600,5
793,602,4
53,491,1
137,492,5
137,497,3
162,492,5
192,492,5
12,492,5
299,492,5
15,492,5
376,492,5
412,492,5
412,495,5
427,492,5
427,493,5
427,494,5
510,492,1
559,492,4
559,493,5
559,495,5
566,492,5
566,493,5
566,494,5
566,495,5
676,492,5
721,492,5
764,492,2
764,668,5
764,672,5
764,675,5
764,678,1
374,494,3
188,495,3
170,500,5
743,517,5
117,521,5
171,521,5
171,523,5
171,524,5
171,525,5
171,526,1
225,521,5
245,521,5
193,521,5
193,522,5
193,523,5
193,526,5
193,527,5
193,529,5
193,587,5
89,521,3
249,521,5
398,521,5
454,521,5
457,521,5
489,521,1
491,521,5
491,594,2
491,686,5
505,521,5
539,521,5
591,521,5
600,521,5
610,521,5
615,521,5
617,521,1
498,521,5
759,521,5
759,522,2
85,522,5
85,523,5
290,532,5
290,533,5
765,532,1
765,542,3
456,550,2
370,557,5
431,559,5
431,560,5
431,561,5
431,562,5
431,563,5
431,564,5
431,566,5
431,657,5
209,575,4
361,583,5
418,587,5
770,587,5
573,592,5
573,674,5
574,592,5
574,674,5
43,596,1
668,596,5
84,604,4
442,604,3
42,606,5
42,607,5
42,668,5
42,686,5
42,687,5
397,609,4
102,609,5
8,609,5
364,609,5
364,610,5
364,611,5
508,609,5
473,609,5
473,610,5
473,613,5
473,617,5
473,620,5
753,609,5
753,610,5
753,611,5
753,612,5
753,614,5
753,615,2
753,616,5
753,617,5
753,619,5
752,609,5
752,610,5
752,611,5
752,614,5
752,617,2
756,609,5
756,610,5
756,611,5
756,614,5
756,616,5
756,619,5
644,626,5
644,677,5
785,632,5
785,633,5
785,671,5
111,640,5
25,641,3
429,641,5
429,642,5
501,641,5
501,643,4
544,641,5
544,643,5
637,641,5
637,642,5
719,641,3
530,643,5
605,643,5
663,643,5
408,643,5
821,650,5
821,738,4
779,656,5
745,658,5
745,659,5
745,660,5
745,661,5
745,662,5
745,664,5
745,665,1
745,678,5
575,668,5
586,668,3
681,668,5
731,668,5
609,669,5
607,670,1
488,671,2
527,671,5
529,671,5
552,671,1
568,671,4
572,671,5
613,671,1
518,671,5
664,671,2
790,671,5
468,672,5
579,672,1
595,672,5
595,686,5
672,672,1
599,673,5
447,675,5
619,676,5
758,676,4
100,677,5
601,678,5
650,678,5
659,678,5
94,678,5
51,678,5
258,678,5
677,678,1
766,678,3
810,678,2
741,679,5
692,680,4
692,709,3
697,680,5
697,698,5
697,699,5
697,700,5
697,701,5
697,702,5
697,703,5
697,704,5
697,705,5
697,706,5
697,707,5
697,708,5
697,733,5
697,734,5
697,735,5
750,680,5
750,730,5
750,733,5
750,734,5
750,735,5
771,680,5
771,733,1
771,734,1
771,735,1
645,681,1
645,682,5
645,683,5
4,686,5
4,687,5
533,686,5
533,687,4
593,686,5
593,687,5
616,686,5
616,687,5
107,686,5
107,687,5
107,696,5
737,686,5
737,687,5
46,686,5
420,686,5
420,687,2
761,706,4
809,706,5
354,719,5
354,720,5
596,719,5
596,720,5
596,721,5
774,720,5
774,741,4
784,733,3
784,734,5
781,734,5
786,734,2
803,748,5
803,749,5
803,754,5
803,755,5
803,758,5
